# Estaticos
Redirect 302 /vms http://www.utn.so/recursos/maquinas-virtuales/
Redirect 302 /vm /vms
Redirect 302 /cv http://campusvirtual.frba.utn.edu.ar/especialidad/course/view.php?id=188
Redirect 302 /campus /cv
Redirect 302 /campusvirtual /cv
Redirect 302 /suscripciones http://www.campusvirtual.frba.utn.edu.ar/especialidad/mod/forum/index.php?id=188
Redirect 302 /susc /suscripciones
Redirect 302 /suscrip /suscripciones
Redirect 302 /suscripcion /suscripciones
Redirect 302 /inscripciones http://inscripciones.utn.so/
Redirect 302 /i /inscripciones
Redirect 302 /ins /inscripciones
Redirect 302 /insc /inscripciones
Redirect 302 /inscripcion /inscripciones
Redirect 302 /github https://github.com/sisoputnfrba
Redirect 302 /gh /github
Redirect 302 /teams https://github.com/orgs/sisoputnfrba/teams
Redirect 302 /issues https://github.com/sisoputnfrba/issues/issues
Redirect 302 /issue /issues
Redirect 302 /soporte https://docs.google.com/spreadsheets/d/1mMWROuaEIo623EuhxDxsKNOD163luluzF3n5CtVaeyM/edit
Redirect 302 /sabado /soporte
Redirect 302 /sabados /soporte
Redirect 302 /gitter https://gitter.im/sisoputnfrba
Redirect 302 /chat /gitter
Redirect 302 /foro https://github.com/sisoputnfrba/foro/issues
Redirect 302 /foros /foro
Redirect 302 /todo https://github.com/issues?utf8=%E2%9C%93&q=is%3Aopen+is%3Aissue+user%3Asisoputnfrba+sort%3Aupdated-desc
Redirect 302 /todos /todo
Redirect 302 /TODO  /todo
Redirect 302 /TODOs /todo

# Redirect 302 /wiki-tp http://www.campusvirtual.frba.utn.edu.ar/especialidad/mod/wiki/view.php?id=14783
Redirect 302 /inscripciones http://inscripciones.utn.so/
Redirect 302 /inscripcion /inscripciones
Redirect 302 /inscribirse https://www.youtube.com/watch?v=Ux-1v9Jrpdg
Redirect 302 /laboratorio /soporte
Redirect 302 /labo /laboratorio
Redirect 302 /blog http://www.utn.so/
Redirect 302 /videos http://www.utn.so/recursos/video-tutoriales/
Redirect 302 /video /videos
Redirect 302 /mariobash http://mariobash.utn.so/

# Utilescac
Redirect 302 /get-repo.sh https://gist.github.com/marcogatti/5948111/raw/789b322a4860b4977a1acd07ed255fe16548abfe/get-repo.sh
Redirect 302 /get-and-compile-repo.sh https://gist.github.com/marcogatti/7635534/raw/3d8fea4b2e822a66e044df1696258c14b5c2d6c1/get-and-compile-repo.sh
Redirect 302 /commons https://github.com/sisoputnfrba/so-commons-library

# "Teoria"
Redirect 302 /arrancar https://docs.google.com/document/d/1wpgjQ20kO2i0iQZz7E9IkJbjLQLiy-RnoIDZRaW-0Xo/pub
Redirect 302 /empezar /arrancar
Redirect 302 /como-arrancar /arrancar
Redirect 302 /como-empezar /arrancar

Redirect 302 /tp https://docs.google.com/presentation/d/1D5pEjKB3FFDtqwzW-aegmcRVq1t4-3Xtra2tb6gEV9A/edit
Redirect 302 /intro-tp /tp
Redirect 302 /git https://docs.google.com/presentation/d/1IdRtJLY7mUiHG0zdnVNS-FkVjl50wFISIwZTQVGFkdQ/edit
Redirect 302 /git-cli http://www.youtube.com/watch?v=8O4LFYPY-Ww
Redirect 302 /egit http://www.youtube.com/watch?v=s-r_-o8nxDw
Redirect 302 /git-eclipse /egit
Redirect 302 /git-gui /egit
Redirect 302 /shared-library http://www.youtube.com/watch?v=s5ac8CPDkMg
Redirect 302 /shared-libraries /shared-library
Redirect 302 /debug-eclipse http://www.youtube.com/watch?v=XsefDXRfA9k
Redirect 302 /setup-vm http://youtu.be/h6cJStY0Tdw
Redirect 302 /guest-additions http://youtu.be/oDZhqo7rsu0
Redirect 302 /guest-aditions /guest-additions
Redirect 302 /valgrind https://docs.google.com/document/d/1flOJ2P2g9UGVRiruuA4OCF6nucbN_BWVI0WDlYTJNf4/edit
Redirect 302 /ejercicios https://docs.google.com/document/d/1n_u1E8uKzExstQEJR_lJBBsT0P5Ru9kG-yW5VUiYnLs/edit
Redirect 302 /exercises /ejercicios
Redirect 302 /ejercicios-repo https://github.com/sisoputnfrba/so-exercises
Redirect 302 /repo-ejercicios /ejercicios-repo
Redirect 302 /threads https://docs.google.com/presentation/d/1HKRt27neGAojlZpRwxu_8nKym2_19JCS7ZMnQudxmic/edit
Redirect 302 /hilos /threads
Redirect 302 /pthreads /threads
Redirect 302 /thread /threads
Redirect 302 /video-threads https://www.youtube.com/watch?v=V5s6gRckuro
Redirect 302 /fuse https://docs.google.com/presentation/d/1v67jhdoVsGVxyYU_bkETTa6WwV7eigdTsFVcAaCQcx8/edit
Redirect 302 /FUSE /fuse
Redirect 302 /fuse-old https://docs.google.com/presentation/d/1rf-FLheutaK2LxDjaFaf5_FLi3j4Gf7ba1bDitjcjjc/edit
Redirect 302 /sockets https://docs.google.com/presentation/d/1_5JTOBKjEs5w_ZLOt5GN_FGaVI4VRHmVeMLJKKZXSFI/edit
Redirect 302 /socket /sockets
Redirect 302 /serializacion https://docs.google.com/presentation/d/1-kmFUjYXF4KO8BRnuIwFzGRkqVSzDgFIBMOy7wJHbVM
Redirect 302 /debug-remote http://www.youtube.com/watch?v=MNd8KZlDQUk
Redirect 302 /bash https://docs.google.com/presentation/d/1-ywnhaPpSF9BrbdEY3H7dZgCrG4tvHPJYA9cc_2LJUs/edit
Redirect 302 /senales https://docs.google.com/presentation/d/1amkxDK65sxofEEKxzHJ3xj_pRaRGJOooUbYEcNREETk/edit
Redirect 302 /seniales /senales
Redirect 302 /signal /senales
Redirect 302 /signals /senales
Redirect 302 /fork https://docs.google.com/presentation/d/1WjUZ7iRNT5Cqva79xFH_fbznzBQ717rYseKnMVehtsY/edit
Redirect 302 /semaforos https://docs.google.com/presentation/d/1wlQ3726W6P4Puf1d3tIaV6x0efobsOw1TG_MHv2e2Vk/edit
Redirect 302 /semaforo /semaforos
Redirect 302 /errores-eclipse https://www.youtube.com/watch?v=18cN8Jk4WjQ
Redirect 302 /reportar-errores /errores-eclipse
Redirect 302 /reportar /errores-eclipse
Redirect 302 /eclipse-makefile https://www.youtube.com/watch?v=772fLAsut3E
Redirect 302 /eclipse-guia-grafica https://docs.google.com/document/d/16vNTvgYpmojT9vNOLf9MOSEG-EcmozHIGyNx8h5JmoI/pub
Redirect 302 /declarar http://cdecl.org/
Redirect 302 /declaraciones /declarar
Redirect 302 /introC https://docs.google.com/presentation/d/1I4WRYYgFNbYvKgXuvV_c8a_dHwfMGCGlHDH-mqxUEjw/edit
Redirect 302 /introc /introC
Redirect 302 /c /introC
Redirect 302 /mati-youtube https://www.youtube.com/channel/UCA11CL5cRF2Q-s0hseUzVFA
Redirect 302 /matiyoutube /mati-youtube
Redirect 302 /youtubemati /mati-youtube
Redirect 302 /youtube-mati /mati-youtube
Redirect 302 /cunit https://docs.google.com/document/d/17li9WRr3VLbuFI18EBmgYuTmLnj3wushlLf4vODwjzg/edit
Redirect 302 /eclipse-postmortem https://www.youtube.com/watch?v=-CI4MexyU3I
Redirect 302 /postmortem /eclipse-postmortem
Redirect 302 /debug-postmortem /eclipse-postmortem

Redirect 302 /c-wannabe https://docs.google.com/presentation/d/1WdknYh9ImAM6fHedBA-yKDIcqiLvsW-t6VvaRLkpCjo/edit?usp=sharing


# TP
Redirect 302 /trabajo-practico https://utn.so/trabajo-practico
Redirect 302 /enunciado-tp /trabajo-practico
Redirect 302 /enunciado /charmander
Redirect 302 /errata /charmander-errata
Redirect 302 /erratas /errata
Redirect 302 /ntp https://docs.google.com/document/d/1qLaLHkY3Nww0cUou4ChhRoEfby0Cgs0cNYPPQ3vfmPQ/pub

# char *mander
Redirect 302 /charmander https://www.gitbook.com/book/sisoputnfrba/char-mander-tp-2c2016
Redirect 302 /char-mander /charmander
Redirect 302 /char_mander /charmander
Redirect 302 /charmander-errata https://github.com/sisoputnfrba/2016-2c-char-mander/compare/v1.0...master
# Disco ejemplo
Redirect 302 /charmander-ejemplo.tar.gz https://www.utn.so/wp-content/uploads/2016/09/ejemplo.tar.gz
# Pruebas
Redirect 302 /base.bin https://github.com/sisoputnfrba/so-charmander-pruebas/releases/download/primer-version/01-base.bin
Redirect 302 /base.bin.gz https://github.com/sisoputnfrba/so-charmander-pruebas/releases/download/primer-version/01-base.gz
Redirect 302 /completa.bin https://github.com/sisoputnfrba/so-charmander-pruebas/releases/download/primer-version/02-completa.bin
Redirect 302 /completa.bin.gz https://github.com/sisoputnfrba/so-charmander-pruebas/releases/download/primer-version/02-completa.gz
Redirect 302 /pruebas-charmander https://github.com/sisoputnfrba/so-charmander-pruebas/releases/latest


# Elestac
Redirect 302 /elestac https://www.gitbook.com/book/sisoputnfrba/elestac-tp-1c2016
Redirect 302 /elestac-errata https://github.com/sisoputnfrba/2016-1c-Elestac-enunciado/compare/v1.0...master
Redirect 302 /elestac-pruebas https://docs.google.com/document/d/1d29cZndaTEzTT5jMRQvXaltl_Ay10v4H8ATSJfUDrmI/edit?usp=sharing

# Cache13
Redirect 302 /cache13 https://www.gitbook.com/book/sisoputnfrba/2c2015-enunciado-cache13
Redirect 302 /cache13-presentacion https://docs.google.com/presentation/d/14aWrtuXexezpM3esquk1YaeNuw0xBjrVJvKdGDpSH24
Redirect 302 /cache13-pruebas https://docs.google.com/document/d/11T4k6NBFFztbQLbwF_10h-F-J6YrM36v6YPHRmAMiK0/edit
Redirect 302 /cache13-scripts https://github.com/sisoputnfrba/cache13-scripts

# ReduceMapFast
Redirect 302 /reducemapfast http://www.utn.so/wp-content/uploads/2015/04/ReduceMapFast-1.0.0a.pdf.zip
Redirect 302 /reduce /reducemapfast
Redirect 302 /reducemap /reducemapfast
Redirect 302 /reducemapfast-errata https://github.com/sisoputnfrba/2015-1c-reducemapfast-errata
Redirect 302 /reduce-errata /reducemapfast-errata
Redirect 302 /reducemapfast-presentacion https://docs.google.com/presentation/d/1EZvleZmtiXMYqrFUs6syi4l6AIbH_9Dtd2eH1S3mPOM/edit
Redirect 302 /apareando https://docs.google.com/presentation/d/1AcgFkDY69Ty1Vea7Tijy7zyHkOHeusAXdS_LjeM7Fms/edit

# Rafaga
Redirect 302 /rafaga http://www.utn.so/wp-content/uploads/2014/08/2C2014-SO-Rafaga.pdf
Redirect 302 /rafaga-ppt https://docs.google.com/presentation/d/13vYoJBIZo7AsnYFZMZ3x84nrvkm9ghjrfnbcBmCUy9g/edit
Redirect 302 /rafaga-algoritmos https://github.com/sisoputnfrba/2014-2c-rafaga-errata/blob/master/algoritmos.md#asignaci%C3%B3n-de-algoritmos-de-memoria
Redirect 302 /rafaga-errata https://github.com/sisoputnfrba/2014-2c-rafaga-errata/blob/master/errata.md#r%C3%A1faga---fe-de-errata
Redirect 302 /algoritmo /rafaga-algoritmos
Redirect 302 /algoritmos /rafaga-algoritmos
Redirect 302 /so-ensamblador https://github.com/sisoputnfrba/so-ensamblador
Redirect 302 /ensamblador /so-ensamblador


# Esta CoverFlow
Redirect 302 /estacoverflow http://www.utn.so/wp-content/uploads/2014/04/1C2014-Est%C3%A1-Coverflow-v1.0.zip
Redirect 302 /estacoverflow-ppt https://docs.google.com/presentation/d/1Sy3Ezv7aZDzTNLudCt_8iOTqAn66gPevwRKZNbCn4B0/edit
Redirect 302 /estacoverflow-errata https://github.com/sisoputnfrba/1c2014-esta-coverflow-errata
Redirect 302 /estacoverflow-erratas /estacoverflow-errata
Redirect 302 /parser https://github.com/sisoputnfrba/ansisop-parser

# SuperMarioProc RELOADED
Redirect 302 /supermarioreloaded http://www.utn.so/wp-content/uploads/2013/09/TP2C2013-SuperMarioProcRELOADED-v1.0.pdf
Redirect 302 /presentacion-enunciado https://docs.google.com/presentation/d/1EKFHj3s80cXlqz2UHPRgx2LqP9CfCX7kZ0_wyStlmTs/
Redirect 302 /presentacion-tp /presentacion-enunciado
Redirect 302 /presentacionenunciado /presentacion-enunciado
Redirect 302 /disk.bin_.7z http://forocatupecu.com.ar/sisop/disk.bin_.7z


# SuperMarioProc
Redirect 302 /supermario http://www.campusvirtual.frba.utn.edu.ar/especialidad/pluginfile.php/54603/mod_wiki/attachments/37//TP1C2013-SuperMarioProc-v1.0.zip?forcedownload=1
Redirect 302 /supermario-errata https://docs.google.com/document/d/1u42dh34L65pU74uNlxrwSQzvo5eYInGwORh76rqHVtY/edit
# Redirect 302 /notas /supermario-errata
# Redirect 302 /errata /supermario-errata
# Redirect 302 /koopa /bin/koopa
# Redirect 302 /koopa-1.2 /bin/koopa
# Redirect 302 /pedidos /pedidos.koopa
# Redirect 302 /pedido /pedidos.koopa
# Redirect 302 /ejemplo-koopa /pedidos.koopa

# Redirecciones del FAQ
Redirect 302 /faq https://docs.google.com/document/d/19nxY_vS3Ds7LSrjcQWmFEFlW2fcr-xeRzAlFfafZ5iU/edit
Redirect 302 /ld-library-path https://docs.google.com/document/d/19nxY_vS3Ds7LSrjcQWmFEFlW2fcr-xeRzAlFfafZ5iU/edit#heading=h.erz1j5n5itup
Redirect 302 /segfault https://docs.google.com/document/d/19nxY_vS3Ds7LSrjcQWmFEFlW2fcr-xeRzAlFfafZ5iU/edit#heading=h.vy9o0ppz71dw
Redirect 302 /SIGSEGV /segfault
Redirect 302 /sigsegv /segfault
Redirect 302 /desaparece-proyecto https://docs.google.com/document/d/19nxY_vS3Ds7LSrjcQWmFEFlW2fcr-xeRzAlFfafZ5iU/edit#heading=h.1lluuakj2ym5
Redirect 302 /inotify-vi https://docs.google.com/document/d/19nxY_vS3Ds7LSrjcQWmFEFlW2fcr-xeRzAlFfafZ5iU/edit#heading=h.uz98dzjqjfzf

Redirect 302 /beej http://www.tyr.unlu.edu.ar/tyr/TYR-trab/satobigal/documentacion/beej/index.html
Redirect 302 /beej-es /beej
Redirect 302 /beej_es /beej
Redirect 302 /beej-en http://beej.us/guide/bgnet/output/html/multipage/index.html
Redirect 302 /beej_en /beej-en

# Meta
Redirect 302 /agregar https://github.com/sisoputnfrba/faqoperativos-links/edit/master/.htaccess
Redirect 302 /meta /agregar
